001-TIME,002-NumDens-Spec-001,003-NumDens-Spec-002,004-NumDens-Spec-003,005-NumDens-Spec-004,006-NumDens-Spec-005,007-NumDens-Spec-006,008-NumDens-Spec-007,009-NumDens-Spec-008,010-NumDens-Spec-009,011-NumDens-Spec-010,012-NumDens-Spec-011,013-TempTra-001,014-TempTra-002,015-TempTra-003,016-TempTra-004,017-TempTra-005,018-TempTra-006,019-TempTra-007,020-TempTra-008,021-TempTra-009,022-TempTra-010,023-TempTra-011,024-TempVib001,025-TempVib002,026-TempVib003,027-TempVib004,028-TempVib005,029-TempVib006,030-TempVib007,031-TempVib008,032-TempVib009,033-TempVib010,034-XiVibMean001,035-XiVibMean002,036-XiVibMean003,037-XiVibMean004,038-XiVibMean005,039-XiVibMean006,040-XiVibMean007,041-XiVibMean008,042-XiVibMean009,043-XiVibMean010,044-TempRot001,045-TempRot002,046-TempRot003,047-TempRot004,048-TempRot005,049-TempRot006,050-TempRot007,051-TempRot008,052-TempRot009,053-TempRot010,054-TempElec001,055-TempElec002,056-TempElec003,057-TempElec004,058-TempElec005,059-TempElec006,060-TempElec007,061-TempElec008,062-TempElec009,063-TempElec010,064-XiElecMean001,065-XiElecMean002,066-XiElecMean003,067-XiElecMean004,068-XiElecMean005,069-XiElecMean006,070-XiElecMean007,071-XiElecMean008,072-XiElecMean009,073-XiElecMean010,074-TempTotal001,075-TempTotal002,076-TempTotal003,077-TempTotal004,078-TempTotal005,079-TempTotal006,080-TempTotal007,081-TempTotal008,082-TempTotal009,083-TempTotal010,084-TempTotal011
0.00000000000000E+000,2.00000000000000E+023,2.00000000000000E+023,2.00000000000000E+023,1.00000056057546E+022,0.00000000000000E+000,0.00000000000000E+000,0.00000000000000E+000,0.00000000000000E+000,0.00000000000000E+000,0.00000000000000E+000,6.10000005605755E+023,0.00000000000000E+000,0.00000000000000E+000,0.00000000000000E+000,1.49782511039783E+005,0.00000000000000E+000,0.00000000000000E+000,0.00000000000000E+000,0.00000000000000E+000,0.00000000000000E+000,0.00000000000000E+000,1.49782511039783E+005,0.00000000000000E+000,0.00000000000000E+000,0.00000000000000E+000,0.00000000000000E+000,0.00000000000000E+000,0.00000000000000E+000,0.00000000000000E+000,0.00000000000000E+000,0.00000000000000E+000,0.00000000000000E+000,0.00000000000000E+000,0.00000000000000E+000,0.00000000000000E+000,0.00000000000000E+000,0.00000000000000E+000,0.00000000000000E+000,0.00000000000000E+000,0.00000000000000E+000,0.00000000000000E+000,0.00000000000000E+000,0.00000000000000E+000,0.00000000000000E+000,0.00000000000000E+000,0.00000000000000E+000,0.00000000000000E+000,0.00000000000000E+000,0.00000000000000E+000,0.00000000000000E+000,0.00000000000000E+000,0.00000000000000E+000,0.00000000000000E+000,0.00000000000000E+000,0.00000000000000E+000,0.00000000000000E+000,0.00000000000000E+000,0.00000000000000E+000,0.00000000000000E+000,0.00000000000000E+000,0.00000000000000E+000,0.00000000000000E+000,0.00000000000000E+000,0.00000000000000E+000,0.00000000000000E+000,0.00000000000000E+000,0.00000000000000E+000,0.00000000000000E+000,0.00000000000000E+000,0.00000000000000E+000,0.00000000000000E+000,0.00000000000000E+000,0.00000000000000E+000,0.00000000000000E+000,0.00000000000000E+000,1.49782511039783E+005,0.00000000000000E+000,0.00000000000000E+000,0.00000000000000E+000,0.00000000000000E+000,0.00000000000000E+000,0.00000000000000E+000,1.49782511039783E+005
1.00000000000000E-012,2.00000000000000E+023,2.00000000000000E+023,2.00000000000000E+023,1.06245667552483E+022,4.18369481374799E+020,1.74599236592316E+020,3.15924315265078E+019,5.44959433556111E+019,5.44959433556111E+019,3.86036289413260E+020,6.11744156080866E+023,0.00000000000000E+000,0.00000000000000E+000,0.00000000000000E+000,1.26093913038135E+005,1.00358867263760E+003,1.00108600077062E+003,1.04477359809385E+003,2.31889871181472E+004,3.93637207708603E+004,1.22695280291964E+004,1.14820188507415E+005,0.00000000000000E+000,0.00000000000000E+000,0.00000000000000E+000,0.00000000000000E+000,1.93016690455705E+004,4.03218155331913E+004,0.00000000000000E+000,5.14218842651106E+004,0.00000000000000E+000,0.00000000000000E+000,0.00000000000000E+000,0.00000000000000E+000,0.00000000000000E+000,0.00000000000000E+000,7.63352794360831E+000,1.92229901451840E+000,0.00000000000000E+000,1.93992563568164E+000,0.00000000000000E+000,0.00000000000000E+000,0.00000000000000E+000,0.00000000000000E+000,0.00000000000000E+000,0.00000000000000E+000,2.35921555599622E+004,3.89898886823001E+004,0.00000000000000E+000,5.38774967755865E+004,0.00000000000000E+000,0.00000000000000E+000,0.00000000000000E+000,0.00000000000000E+000,0.00000000000000E+000,0.00000000000000E+000,0.00000000000000E+000,3.44551432691801E+004,5.98970732153719E+004,4.55009977053211E+004,4.12832564934692E+004,2.13718323121333E+004,0.00000000000000E+000,0.00000000000000E+000,0.00000000000000E+000,0.00000000000000E+000,0.00000000000000E+000,8.33609162644551E-001,4.43277704532674E-001,3.12095287461200E+000,5.26409661519449E+000,2.80359437466360E+000,0.00000000000000E+000,0.00000000000000E+000,0.00000000000000E+000,1.26093913038135E+005,1.56357676206683E+004,2.41384684401795E+004,8.62125000209533E+003,4.16547178841206E+004,4.05864341502697E+004,1.66666597783630E+004,1.15941697657265E+005
2.00000000000000E-012,2.00000000000000E+023,2.00000000000000E+023,2.00000000000000E+023,1.11637202286379E+022,7.81962731661814E+020,3.23932536184345E+020,5.78193550371068E+019,9.91217544282257E+019,9.91217544282257E+019,7.33633118414038E+020,6.13259311478791E+023,0.00000000000000E+000,0.00000000000000E+000,0.00000000000000E+000,1.07779700883382E+005,9.99835407986091E+002,9.99828591155908E+002,1.03716053005523E+003,2.29076366985653E+004,3.89695932122885E+004,1.21108415006034E+004,9.19660422741010E+004,0.00000000000000E+000,0.00000000000000E+000,0.00000000000000E+000,0.00000000000000E+000,1.89928583408414E+004,3.98215920398505E+004,0.00000000000000E+000,5.14947003309561E+004,0.00000000000000E+000,0.00000000000000E+000,0.00000000000000E+000,0.00000000000000E+000,0.00000000000000E+000,0.00000000000000E+000,7.62769459061789E+000,1.92133610193634E+000,0.00000000000000E+000,1.94000971720206E+000,0.00000000000000E+000,0.00000000000000E+000,0.00000000000000E+000,0.00000000000000E+000,0.00000000000000E+000,0.00000000000000E+000,2.34859343822358E+004,3.90150335687601E+004,0.00000000000000E+000,5.28893767531780E+004,0.00000000000000E+000,0.00000000000000E+000,0.00000000000000E+000,0.00000000000000E+000,0.00000000000000E+000,0.00000000000000E+000,0.00000000000000E+000,3.44551432691801E+004,5.94345552754849E+004,4.39128651501616E+004,4.05116255309745E+004,2.12071245486487E+004,0.00000000000000E+000,0.00000000000000E+000,0.00000000000000E+000,0.00000000000000E+000,0.00000000000000E+000,8.33609162644551E-001,4.13233491130525E-001,3.15964480713238E+000,5.26237293568085E+000,2.75272849632460E+000,0.00000000000000E+000,0.00000000000000E+000,0.00000000000000E+000,1.07779700883382E+005,1.54298234263602E+004,2.40185239364445E+004,8.10721869229025E+003,4.09074328207037E+004,3.99517262148736E+004,1.64634886962752E+004,9.37929675790915E+004
3.00000000000000E-012,2.00000000000000E+023,2.00000000000000E+023,2.00000000000000E+023,1.16301390355283E+022,1.09850768404813E+021,4.53205242373610E+020,7.84205033519208E+019,1.38041708095863E+020,1.38041708095863E+020,1.04663443304358E+021,6.14582990314537E+023,0.00000000000000E+000,0.00000000000000E+000,0.00000000000000E+000,9.32345269439644E+004,1.00102439079547E+003,1.00828748636859E+003,1.03539818187930E+003,2.31250039266668E+004,3.94229422344298E+004,1.19097524485874E+004,7.59149982497447E+004,0.00000000000000E+000,0.00000000000000E+000,0.00000000000000E+000,0.00000000000000E+000,1.89928583408414E+004,3.91909619767458E+004,0.00000000000000E+000,5.14074209614107E+004,0.00000000000000E+000,0.00000000000000E+000,0.00000000000000E+000,0.00000000000000E+000,0.00000000000000E+000,0.00000000000000E+000,7.62769459061789E+000,1.92008761853261E+000,0.00000000000000E+000,1.93990890668202E+000,0.00000000000000E+000,0.00000000000000E+000,0.00000000000000E+000,0.00000000000000E+000,0.00000000000000E+000,0.00000000000000E+000,2.33476691897359E+004,3.87560839277113E+004,0.00000000000000E+000,5.25522931789182E+004,0.00000000000000E+000,0.00000000000000E+000,0.00000000000000E+000,0.00000000000000E+000,0.00000000000000E+000,0.00000000000000E+000,0.00000000000000E+000,3.42574150438190E+004,5.88178646889689E+004,4.35952386391297E+004,4.05116255309745E+004,2.09600629034217E+004,0.00000000000000E+000,0.00000000000000E+000,0.00000000000000E+000,0.00000000000000E+000,0.00000000000000E+000,8.33850801293947E-001,3.75575072571497E-001,3.16691855455831E+000,5.26237293568085E+000,2.67765928957665E+000,0.00000000000000E+000,0.00000000000000E+000,0.00000000000000E+000,9.32345269439644E+004,1.54082071737170E+004,2.37753608769480E+004,7.46442244743297E+003,4.07910280103359E+004,4.01163335349512E+004,1.61779986794645E+004,7.82225074185111E+004
4.00000000000000E-012,2.00000000000000E+023,2.00000000000000E+023,2.00000000000000E+023,1.20268863204211E+022,1.36866501675960E+021,5.61576491963589E+020,9.66392059432530E+019,1.70535064475788E+020,1.70535064475788E+020,1.33248787875681E+021,6.15727325042796E+023,0.00000000000000E+000,0.00000000000000E+000,0.00000000000000E+000,8.16762197112798E+004,9.99029258096135E+002,1.01004224591897E+003,1.04161761977395E+003,2.29107745086293E+004,3.91101225239016E+004,1.17376251384547E+004,6.42552246598358E+004,0.00000000000000E+000,0.00000000000000E+000,0.00000000000000E+000,0.00000000000000E+000,1.89928583408414E+004,3.91109777853303E+004,0.00000000000000E+000,5.09198366984819E+004,0.00000000000000E+000,0.00000000000000E+000,0.00000000000000E+000,0.00000000000000E+000,0.00000000000000E+000,0.00000000000000E+000,7.62769459061789E+000,1.91992643356643E+000,0.00000000000000E+000,1.93933943918754E+000,0.00000000000000E+000,0.00000000000000E+000,0.00000000000000E+000,0.00000000000000E+000,0.00000000000000E+000,0.00000000000000E+000,2.30209956524835E+004,3.83408119278457E+004,0.00000000000000E+000,5.21089667176405E+004,0.00000000000000E+000,0.00000000000000E+000,0.00000000000000E+000,0.00000000000000E+000,0.00000000000000E+000,0.00000000000000E+000,0.00000000000000E+000,3.42574150438190E+004,5.89720373355979E+004,4.31187988725818E+004,4.03572993384755E+004,2.08777090216794E+004,0.00000000000000E+000,0.00000000000000E+000,0.00000000000000E+000,0.00000000000000E+000,0.00000000000000E+000,8.33850801293947E-001,3.84737483965876E-001,3.17749306843958E+000,5.26121969109722E+000,2.65298303931686E+000,0.00000000000000E+000,0.00000000000000E+000,0.00000000000000E+000,8.16762197112798E+004,1.53559939634693E+004,2.36487995613641E+004,7.62647214161964E+003,4.03990862492252E+004,3.99043964278128E+004,1.60271281055570E+004,6.69151275285281E+004
5.00000000000000E-012,2.00000000000000E+023,2.00000000000000E+023,2.00000000000000E+023,1.23710195938743E+022,1.60542806823773E+021,6.54531916283979E+020,1.11054003597933E+020,1.97823077258190E+020,1.97823077258190E+020,1.59179407212268E+021,6.16729473808633E+023,0.00000000000000E+000,0.00000000000000E+000,0.00000000000000E+000,7.22454808661019E+004,9.99206689938766E+002,1.01198054037025E+003,1.04591309835559E+003,2.27594568916739E+004,3.89181272326002E+004,1.15332131401550E+004,5.53928175283594E+004,0.00000000000000E+000,0.00000000000000E+000,0.00000000000000E+000,0.00000000000000E+000,1.86840476361122E+004,3.87621022754921E+004,0.00000000000000E+000,5.05722342951912E+004,0.00000000000000E+000,0.00000000000000E+000,0.00000000000000E+000,0.00000000000000E+000,0.00000000000000E+000,0.00000000000000E+000,7.62167261271396E+000,1.91921570655109E+000,0.00000000000000E+000,1.93892682737703E+000,0.00000000000000E+000,0.00000000000000E+000,0.00000000000000E+000,0.00000000000000E+000,0.00000000000000E+000,0.00000000000000E+000,2.26887604806527E+004,3.81445143907153E+004,0.00000000000000E+000,5.16095152874381E+004,0.00000000000000E+000,0.00000000000000E+000,0.00000000000000E+000,0.00000000000000E+000,0.00000000000000E+000,0.00000000000000E+000,0.00000000000000E+000,3.39608227057772E+004,5.83553467490818E+004,4.28011723615499E+004,4.00486469534776E+004,2.07130012581947E+004,0.00000000000000E+000,0.00000000000000E+000,0.00000000000000E+000,0.00000000000000E+000,0.00000000000000E+000,8.34193178025581E-001,3.49072823278167E-001,3.18430308311696E+000,5.25805317438552E+000,2.60417787563639E+000,0.00000000000000E+000,0.00000000000000E+000,0.00000000000000E+000,7.22454808661019E+004,1.51151785542074E+004,2.34796971551489E+004,7.01925762101968E+003,4.00904821628555E+004,3.96379497720703E+004,1.57989237672136E+004,5.82854599736616E+004
6.00000000000000E-012,2.00000000000000E+023,2.00000000000000E+023,2.00000000000000E+023,1.26682046721883E+022,1.81083893481692E+021,7.33693180070933E+020,1.23666951545779E+020,2.21807698911394E+020,2.21807698911394E+020,1.82675527389397E+021,6.17606774410339E+023,0.00000000000000E+000,0.00000000000000E+000,0.00000000000000E+000,6.44082997395789E+004,1.00017980258023E+003,1.01590812611769E+003,1.04157322109747E+003,2.27600963003701E+004,3.88324995973159E+004,1.13753732655719E+004,4.84509301054181E+004,0.00000000000000E+000,0.00000000000000E+000,0.00000000000000E+000,0.00000000000000E+000,1.86840476361122E+004,3.85819772601781E+004,0.00000000000000E+000,5.03904255249657E+004,0.00000000000000E+000,0.00000000000000E+000,0.00000000000000E+000,0.00000000000000E+000,0.00000000000000E+000,0.00000000000000E+000,7.62167261271396E+000,1.91884379659691E+000,0.00000000000000E+000,1.93870877284162E+000,0.00000000000000E+000,0.00000000000000E+000,0.00000000000000E+000,0.00000000000000E+000,0.00000000000000E+000,0.00000000000000E+000,2.24535228283135E+004,3.79726382672486E+004,0.00000000000000E+000,5.13233320637165E+004,0.00000000000000E+000,0.00000000000000E+000,0.00000000000000E+000,0.00000000000000E+000,0.00000000000000E+000,0.00000000000000E+000,0.00000000000000E+000,3.36642303677355E+004,5.82011741024528E+004,4.24835458505180E+004,3.97399945684797E+004,2.05277050242745E+004,0.00000000000000E+000,0.00000000000000E+000,0.00000000000000E+000,0.00000000000000E+000,0.00000000000000E+000,8.34511154147622E-001,3.40561334799189E-001,3.19090827147116E+000,5.25369529049019E+000,2.55018021600237E+000,0.00000000000000E+000,0.00000000000000E+000,0.00000000000000E+000,6.44082997395789E+004,1.50781346551062E+004,2.33600764478433E+004,6.86884235995716E+003,3.99008579641995E+004,3.94101441417711E+004,1.55806593054808E+004,5.15303936908112E+004
7.00000000000000E-012,2.00000000000000E+023,2.00000000000000E+023,2.00000000000000E+023,1.29232865290192E+022,1.98810090486490E+021,8.00481742537618E+020,1.34698275862069E+020,2.41287696297511E+020,2.41287696297511E+020,2.04249674545902E+021,6.18371639590338E+023,0.00000000000000E+000,0.00000000000000E+000,0.00000000000000E+000,5.79309678634153E+004,1.00125861262521E+003,1.01624962392454E+003,1.04577357147853E+003,2.26202641796415E+004,3.85793687303731E+004,1.12336597375014E+004,4.29637692887569E+004,0.00000000000000E+000,0.00000000000000E+000,0.00000000000000E+000,0.00000000000000E+000,1.83752369313831E+004,3.81232430079264E+004,0.00000000000000E+000,5.03019179726224E+004,0.00000000000000E+000,0.00000000000000E+000,0.00000000000000E+000,0.00000000000000E+000,0.00000000000000E+000,0.00000000000000E+000,7.61545271501675E+000,1.91788098714572E+000,0.00000000000000E+000,1.93860205581331E+000,0.00000000000000E+000,0.00000000000000E+000,0.00000000000000E+000,0.00000000000000E+000,0.00000000000000E+000,0.00000000000000E+000,2.22449494719621E+004,3.78051929261181E+004,0.00000000000000E+000,5.11349864381521E+004,0.00000000000000E+000,0.00000000000000E+000,0.00000000000000E+000,0.00000000000000E+000,0.00000000000000E+000,0.00000000000000E+000,0.00000000000000E+000,3.32687739170132E+004,5.80470014558238E+004,4.21659193394861E+004,3.95856683759808E+004,2.04041742016610E+004,0.00000000000000E+000,0.00000000000000E+000,0.00000000000000E+000,0.00000000000000E+000,0.00000000000000E+000,8.34896581756792E-001,3.32208253856193E-001,3.19729684719950E+000,5.25105245130509E+000,2.51473795990819E+000,0.00000000000000E+000,0.00000000000000E+000,0.00000000000000E+000,5.79309678634153E+004,1.48571301398381E+004,2.31595659341506E+004,6.72857516744819E+003,3.97067030583825E+004,3.92197879074418E+004,1.54154433512587E+004,4.61674140477530E+004
8.00000000000000E-012,2.00000000000000E+023,2.00000000000000E+023,2.00000000000000E+023,1.31413303640986E+022,2.13975658852351E+021,8.58321118127023E+020,1.43247051693386E+020,2.57023850403870E+020,2.57023850403870E+020,2.24154107640739E+021,6.19038243899658E+023,0.00000000000000E+000,0.00000000000000E+000,0.00000000000000E+000,5.25052530831386E+004,1.00078583992935E+003,1.01676308850450E+003,1.04794829903568E+003,2.25543933170524E+004,3.85114433079463E+004,1.10913501645852E+004,3.85387558199840E+004,0.00000000000000E+000,0.00000000000000E+000,0.00000000000000E+000,0.00000000000000E+000,1.83752369313831E+004,3.78905906728813E+004,0.00000000000000E+000,5.02295933966884E+004,0.00000000000000E+000,0.00000000000000E+000,0.00000000000000E+000,0.00000000000000E+000,0.00000000000000E+000,0.00000000000000E+000,7.61545271501675E+000,1.91738390518942E+000,0.00000000000000E+000,1.93851457496192E+000,0.00000000000000E+000,0.00000000000000E+000,0.00000000000000E+000,0.00000000000000E+000,0.00000000000000E+000,0.00000000000000E+000,2.20591330350540E+004,3.75699929914483E+004,0.00000000000000E+000,5.08888357940878E+004,0.00000000000000E+000,0.00000000000000E+000,0.00000000000000E+000,0.00000000000000E+000,0.00000000000000E+000,0.00000000000000E+000,0.00000000000000E+000,3.30710456916521E+004,5.82011741024528E+004,4.18482928284542E+004,3.94313421834818E+004,2.02806433790475E+004,0.00000000000000E+000,0.00000000000000E+000,0.00000000000000E+000,0.00000000000000E+000,0.00000000000000E+000,8.35072555118866E-001,3.40561334799189E-001,3.20345650431900E+000,5.24809100544794E+000,2.47975579403246E+000,0.00000000000000E+000,0.00000000000000E+000,0.00000000000000E+000,5.25052530831386E+004,1.48275591684008E+004,2.30195174268411E+004,6.87456751567138E+003,3.95259297384630E+004,3.90967560804934E+004,1.52497842167818E+004,4.18552294460390E+004
9.00000000000000E-012,2.00000000000000E+023,2.00000000000000E+023,2.00000000000000E+023,1.33254193424802E+022,2.26842867814383E+021,9.06670751927097E+020,1.50314306654639E+020,2.70557743757431E+020,2.70557743757431E+020,2.42004432069785E+021,6.19611992887418E+023,0.00000000000000E+000,0.00000000000000E+000,0.00000000000000E+000,4.79958884434303E+004,1.00071145607598E+003,1.01608545286295E+003,1.04570184284013E+003,2.24779875486369E+004,3.83729651317944E+004,1.09774786286039E+004,3.49757164868059E+004,0.00000000000000E+000,0.00000000000000E+000,0.00000000000000E+000,0.00000000000000E+000,1.80664262266540E+004,3.76573789670309E+004,0.00000000000000E+000,4.99666858141888E+004,0.00000000000000E+000,0.00000000000000E+000,0.00000000000000E+000,0.00000000000000E+000,0.00000000000000E+000,0.00000000000000E+000,7.60902498206096E+000,1.91687955287199E+000,0.00000000000000E+000,1.93819446184980E+000,0.00000000000000E+000,0.00000000000000E+000,0.00000000000000E+000,0.00000000000000E+000,0.00000000000000E+000,0.00000000000000E+000,2.18568621133259E+004,3.73310814366850E+004,0.00000000000000E+000,5.06023539572757E+004,0.00000000000000E+000,0.00000000000000E+000,0.00000000000000E+000,0.00000000000000E+000,0.00000000000000E+000,0.00000000000000E+000,0.00000000000000E+000,3.28733174662909E+004,5.80470014558238E+004,4.16894795729382E+004,3.91226897984839E+004,2.01571125564340E+004,0.00000000000000E+000,0.00000000000000E+000,0.00000000000000E+000,0.00000000000000E+000,0.00000000000000E+000,8.35237237280347E-001,3.32208253856193E-001,3.20644649564547E+000,5.24118366820358E+000,2.44524593806821E+000,0.00000000000000E+000,0.00000000000000E+000,0.00000000000000E+000,4.79958884434303E+004,1.46072949615130E+004,2.28778929227034E+004,6.72851058987717E+003,3.93467754686308E+004,3.88497709932950E+004,1.50996914414457E+004,3.83517199308861E+004
1.00000000000000E-011,2.00000000000000E+023,2.00000000000000E+023,2.00000000000000E+023,1.34840621988909E+022,2.38086409985034E+021,9.46992144255606E+020,1.56200349030300E+020,2.81709191387510E+020,2.81709191387510E+020,2.58205062989462E+021,6.20113587804697E+023,0.00000000000000E+000,0.00000000000000E+000,0.00000000000000E+000,4.41442408711666E+004,1.00084875869239E+003,1.01663671764674E+003,1.04457129810836E+003,2.23996274679053E+004,3.82690507768285E+004,1.08672170271224E+004,3.20133393906831E+004,0.00000000000000E+000,0.00000000000000E+000,0.00000000000000E+000,0.00000000000000E+000,1.80664262266540E+004,3.74969655209977E+004,0.00000000000000E+000,4.99938114034616E+004,0.00000000000000E+000,0.00000000000000E+000,0.00000000000000E+000,0.00000000000000E+000,0.00000000000000E+000,0.00000000000000E+000,7.60902498206096E+000,1.91652904785467E+000,0.00000000000000E+000,1.93822764375343E+000,0.00000000000000E+000,0.00000000000000E+000,0.00000000000000E+000,0.00000000000000E+000,0.00000000000000E+000,0.00000000000000E+000,2.16917180913158E+004,3.71524032178578E+004,0.00000000000000E+000,5.04592020651382E+004,0.00000000000000E+000,0.00000000000000E+000,0.00000000000000E+000,0.00000000000000E+000,0.00000000000000E+000,0.00000000000000E+000,0.00000000000000E+000,3.27744533536104E+004,5.78928288091948E+004,4.15306663174223E+004,3.89683636059850E+004,2.00335817338205E+004,0.00000000000000E+000,0.00000000000000E+000,0.00000000000000E+000,0.00000000000000E+000,0.00000000000000E+000,8.35315313736918E-001,3.24011834317273E-001,3.20937439665979E+000,5.23722321886093E+000,2.41121990919578E+000,0.00000000000000E+000,0.00000000000000E+000,0.00000000000000E+000,4.41442408711666E+004,1.45811330547328E+004,2.27811259829553E+004,6.58591985882762E+003,3.92510594504861E+004,3.87136735931338E+004,1.49517157994195E+004,3.54551923905097E+004
1.10000000000000E-011,2.00000000000000E+023,2.00000000000000E+023,2.00000000000000E+023,1.36221039069867E+022,2.47712291529993E+021,9.83269385019885E+020,1.61706000912296E+020,2.91959714164172E+020,2.91959714164172E+020,2.72651893527820E+021,6.20554640571825E+023,0.00000000000000E+000,0.00000000000000E+000,0.00000000000000E+000,4.08190160594038E+004,1.00165770331297E+003,1.01595050738540E+003,1.04363158347628E+003,2.23494447178878E+004,3.81707848903763E+004,1.07659032593110E+004,2.95170683146761E+004,0.00000000000000E+000,0.00000000000000E+000,0.00000000000000E+000,0.00000000000000E+000,1.80664262266540E+004,3.72843865313998E+004,0.00000000000000E+000,4.99281071441174E+004,0.00000000000000E+000,0.00000000000000E+000,0.00000000000000E+000,0.00000000000000E+000,0.00000000000000E+000,0.00000000000000E+000,7.60902498206096E+000,1.91605998167372E+000,0.00000000000000E+000,1.93814720829946E+000,0.00000000000000E+000,0.00000000000000E+000,0.00000000000000E+000,0.00000000000000E+000,0.00000000000000E+000,0.00000000000000E+000,2.15606323538455E+004,3.70314113011314E+004,0.00000000000000E+000,5.03978776484367E+004,0.00000000000000E+000,0.00000000000000E+000,0.00000000000000E+000,0.00000000000000E+000,0.00000000000000E+000,0.00000000000000E+000,0.00000000000000E+000,3.25767251282492E+004,5.78928288091948E+004,4.13718530619063E+004,3.88140374134860E+004,1.99100509112070E+004,0.00000000000000E+000,0.00000000000000E+000,0.00000000000000E+000,0.00000000000000E+000,0.00000000000000E+000,8.35462876968823E-001,3.24011834317273E-001,3.21223851373209E+000,5.23291505024238E+000,2.37768849931196E+000,0.00000000000000E+000,0.00000000000000E+000,0.00000000000000E+000,4.08190160594038E+004,1.45605331557359E+004,2.26750849867376E+004,6.58507174394814E+003,3.91618980404565E+004,3.85796419949067E+004,1.48088921216643E+004,3.30117080464323E+004
1.20000000000000E-011,2.00000000000000E+023,2.00000000000000E+023,2.00000000000000E+023,1.37380229047931E+022,2.55956754966378E+021,1.01251941192751E+021,1.65930337447210E+020,3.00428407786297E+020,3.00428407786297E+020,2.85885478596908E+021,6.20935751805373E+023,0.00000000000000E+000,0.00000000000000E+000,0.00000000000000E+000,3.80178054944527E+004,1.00257457435912E+003,1.01543488634282E+003,1.04463080275498E+003,2.22971094771040E+004,3.80602359212342E+004,1.06625324843493E+004,2.74493518091458E+004,0.00000000000000E+000,0.00000000000000E+000,0.00000000000000E+000,0.00000000000000E+000,1.77576155219249E+004,3.71156638572291E+004,0.00000000000000E+000,4.97302101629431E+004,0.00000000000000E+000,0.00000000000000E+000,0.00000000000000E+000,0.00000000000000E+000,0.00000000000000E+000,0.00000000000000E+000,7.60237882515188E+000,1.91568391800801E+000,0.00000000000000E+000,1.93790367145996E+000,0.00000000000000E+000,0.00000000000000E+000,0.00000000000000E+000,0.00000000000000E+000,0.00000000000000E+000,0.00000000000000E+000,2.14491100595921E+004,3.68016589767773E+004,0.00000000000000E+000,5.02701987408591E+004,0.00000000000000E+000,0.00000000000000E+000,0.00000000000000E+000,0.00000000000000E+000,0.00000000000000E+000,0.00000000000000E+000,0.00000000000000E+000,3.24778610155686E+004,5.78928288091948E+004,4.10542265508744E+004,3.86597112209871E+004,1.97865200885936E+004,0.00000000000000E+000,0.00000000000000E+000,0.00000000000000E+000,0.00000000000000E+000,0.00000000000000E+000,8.35532339716689E-001,3.24011834317273E-001,3.21776843873168E+000,5.22825164601364E+000,2.34466175373010E+000,0.00000000000000E+000,0.00000000000000E+000,0.00000000000000E+000,3.80178054944527E+004,1.43549139873718E+004,2.25626276391283E+004,6.58597356319113E+003,3.89838380903325E+004,3.84411440238924E+004,1.46651552438249E+004,3.09592884630212E+004
1.30000000000000E-011,2.00000000000000E+023,2.00000000000000E+023,2.00000000000000E+023,1.38395070843925E+022,2.63188178456476E+021,1.03796553389848E+021,1.69654160174669E+020,3.07375539433761E+020,3.07375539433761E+020,2.97721629115584E+021,6.21270975933054E+023,0.00000000000000E+000,0.00000000000000E+000,0.00000000000000E+000,3.55597212596262E+004,1.00318464311043E+003,1.01582561582534E+003,1.04488047906834E+003,2.22345021786812E+004,3.79758048871866E+004,1.05808652111769E+004,2.56692330239927E+004,0.00000000000000E+000,0.00000000000000E+000,0.00000000000000E+000,0.00000000000000E+000,1.77576155219249E+004,3.70425715419889E+004,0.00000000000000E+000,4.95596231210366E+004,0.00000000000000E+000,0.00000000000000E+000,0.00000000000000E+000,0.00000000000000E+000,0.00000000000000E+000,0.00000000000000E+000,7.60237882515188E+000,1.91551995565824E+000,0.00000000000000E+000,1.93769219876583E+000,0.00000000000000E+000,0.00000000000000E+000,0.00000000000000E+000,0.00000000000000E+000,0.00000000000000E+000,0.00000000000000E+000,2.13230311954341E+004,3.66778555824945E+004,0.00000000000000E+000,5.00746553483680E+004,0.00000000000000E+000,0.00000000000000E+000,0.00000000000000E+000,0.00000000000000E+000,0.00000000000000E+000,0.00000000000000E+000,0.00000000000000E+000,3.22801327902075E+004,5.78928288091948E+004,4.08954132953584E+004,3.85439665766129E+004,1.97041662068512E+004,0.00000000000000E+000,0.00000000000000E+000,0.00000000000000E+000,0.00000000000000E+000,0.00000000000000E+000,8.35662567779446E-001,3.24011834317273E-001,3.22043067453299E+000,5.22451639645689E+000,2.32292890669830E+000,0.00000000000000E+000,0.00000000000000E+000,0.00000000000000E+000,3.55597212596262E+004,1.43350504738610E+004,2.24913129240119E+004,6.58619890202186E+003,3.88442786796221E+004,3.83367221641617E+004,1.45622784479181E+004,2.92134391266730E+004
1.40000000000000E-011,2.00000000000000E+023,2.00000000000000E+023,2.00000000000000E+023,1.39284583982533E+022,2.69592753136660E+021,1.05960775093280E+021,1.72917510199270E+020,3.13501828437000E+020,3.13501828437000E+020,3.08240427293041E+021,6.21566319120556E+023,0.00000000000000E+000,0.00000000000000E+000,0.00000000000000E+000,3.34013615712797E+004,1.00402120444163E+003,1.01764704005631E+003,1.04415809070446E+003,2.21688705575261E+004,3.78278719629700E+004,1.05122768370794E+004,2.41305563558881E+004,0.00000000000000E+000,0.00000000000000E+000,0.00000000000000E+000,0.00000000000000E+000,1.77576155219249E+004,3.69201663686031E+004,0.00000000000000E+000,4.93664119167847E+004,0.00000000000000E+000,0.00000000000000E+000,0.00000000000000E+000,0.00000000000000E+000,0.00000000000000E+000,0.00000000000000E+000,7.60237882515188E+000,1.91524394106210E+000,0.00000000000000E+000,1.93745093332239E+000,0.00000000000000E+000,0.00000000000000E+000,0.00000000000000E+000,0.00000000000000E+000,0.00000000000000E+000,0.00000000000000E+000,2.12422260075537E+004,3.65227662271287E+004,0.00000000000000E+000,4.98555503806637E+004,0.00000000000000E+000,0.00000000000000E+000,0.00000000000000E+000,0.00000000000000E+000,0.00000000000000E+000,0.00000000000000E+000,0.00000000000000E+000,3.21812686775269E+004,5.80470014558238E+004,4.07366000398425E+004,3.84668034803634E+004,1.96218123251089E+004,0.00000000000000E+000,0.00000000000000E+000,0.00000000000000E+000,0.00000000000000E+000,0.00000000000000E+000,8.35723309366737E-001,3.32208253856193E-001,3.22302198074509E+000,5.22191124265490E+000,2.30142705134945E+000,0.00000000000000E+000,0.00000000000000E+000,0.00000000000000E+000,3.34013615712797E+004,1.43224258183119E+004,2.24106526658451E+004,6.72712074384889E+003,3.86948200099774E+004,3.82336710011126E+004,1.44668594795100E+004,2.77034464775714E+004
1.50000000000000E-011,2.00000000000000E+023,2.00000000000000E+023,2.00000000000000E+023,1.40055575451535E+022,2.75170479006929E+021,1.07832696733158E+021,1.75520181998032E+020,3.19568055783345E+020,3.19568055783345E+020,3.18118567796957E+021,6.21831431274089E+023,0.00000000000000E+000,0.00000000000000E+000,0.00000000000000E+000,3.14872442653832E+004,1.00420801862787E+003,1.01825708734943E+003,1.04477736425400E+003,2.20755085036712E+004,3.76542742995486E+004,1.04346501847849E+004,2.27801545919626E+004,0.00000000000000E+000,0.00000000000000E+000,0.00000000000000E+000,0.00000000000000E+000,1.77576155219249E+004,3.68406758616719E+004,0.00000000000000E+000,4.93585383810077E+004,0.00000000000000E+000,0.00000000000000E+000,0.00000000000000E+000,0.00000000000000E+000,0.00000000000000E+000,0.00000000000000E+000,7.60237882515188E+000,1.91506372806550E+000,0.00000000000000E+000,1.93744106190844E+000,0.00000000000000E+000,0.00000000000000E+000,0.00000000000000E+000,0.00000000000000E+000,0.00000000000000E+000,0.00000000000000E+000,2.11557115803380E+004,3.64325321625367E+004,0.00000000000000E+000,4.98699143100495E+004,0.00000000000000E+000,0.00000000000000E+000,0.00000000000000E+000,0.00000000000000E+000,0.00000000000000E+000,0.00000000000000E+000,0.00000000000000E+000,3.19835404521658E+004,5.78928288091948E+004,4.05777867843265E+004,3.83896403841139E+004,1.95394584433666E+004,0.00000000000000E+000,0.00000000000000E+000,0.00000000000000E+000,0.00000000000000E+000,0.00000000000000E+000,8.35835988717795E-001,3.24011834317273E-001,3.22554047468678E+000,5.21921297099258E+000,2.28015858677468E+000,0.00000000000000E+000,0.00000000000000E+000,0.00000000000000E+000,3.14872442653832E+004,1.43087404328568E+004,2.23464472684006E+004,6.58610583844132E+003,3.86186775385803E+004,3.81212329025848E+004,1.43664273067337E+004,2.63770387675396E+004
1.60000000000000E-011,2.00000000000000E+023,2.00000000000000E+023,2.00000000000000E+023,1.40707244428841E+022,2.79913347846365E+021,1.09414320364713E+021,1.77442155018656E+020,3.24413029439501E+020,3.24413029439501E+020,3.26847528598958E+021,6.22058744624882E+023,0.00000000000000E+000,0.00000000000000E+000,0.00000000000000E+000,2.98554227953671E+004,1.00456602341528E+003,1.01889766019771E+003,1.04513725031236E+003,2.20114528086663E+004,3.75318102396487E+004,1.03549724978203E+004,2.16404515844010E+004,0.00000000000000E+000,0.00000000000000E+000,0.00000000000000E+000,0.00000000000000E+000,1.74488048171957E+004,3.67250509226743E+004,0.00000000000000E+000,4.92730262956981E+004,0.00000000000000E+000,0.00000000000000E+000,0.00000000000000E+000,0.00000000000000E+000,0.00000000000000E+000,0.00000000000000E+000,7.59550292427316E+000,1.91480022262839E+000,0.00000000000000E+000,1.93733365047145E+000,0.00000000000000E+000,0.00000000000000E+000,0.00000000000000E+000,0.00000000000000E+000,0.00000000000000E+000,0.00000000000000E+000,2.10683905845386E+004,3.63423895233553E+004,0.00000000000000E+000,4.96221679141866E+004,0.00000000000000E+000,0.00000000000000E+000,0.00000000000000E+000,0.00000000000000E+000,0.00000000000000E+000,0.00000000000000E+000,0.00000000000000E+000,3.18846763394852E+004,5.80470014558238E+004,4.04189735288106E+004,3.82353141916150E+004,1.94571045616243E+004,0.00000000000000E+000,0.00000000000000E+000,0.00000000000000E+000,0.00000000000000E+000,0.00000000000000E+000,8.35887903062571E-001,3.32208253856193E-001,3.22798423374958E+000,5.21353317773043E+000,2.25912575277661E+000,0.00000000000000E+000,0.00000000000000E+000,0.00000000000000E+000,2.98554227953671E+004,1.41068545116199E+004,2.22837792147550E+004,6.72800228503717E+003,3.84846593002451E+004,3.79783587730113E+004,1.42649115099569E+004,2.52317161446741E+004
1.70000000000000E-011,2.00000000000000E+023,2.00000000000000E+023,2.00000000000000E+023,1.41269221331850E+022,2.83949491189675E+021,1.10849793964492E+021,1.78923675888720E+020,3.28256975480749E+020,3.28256975480749E+020,3.35031930378449E+021,6.22260671915361E+023,0.00000000000000E+000,0.00000000000000E+000,0.00000000000000E+000,2.84114405447522E+004,1.00479607102680E+003,1.02130962039247E+003,1.04618970649008E+003,2.19551813666165E+004,3.74274979042442E+004,1.02812676884567E+004,2.06407488219953E+004,0.00000000000000E+000,0.00000000000000E+000,0.00000000000000E+000,0.00000000000000E+000,1.74488048171957E+004,3.66259690419343E+004,0.00000000000000E+000,4.91659244181162E+004,0.00000000000000E+000,0.00000000000000E+000,0.00000000000000E+000,0.00000000000000E+000,0.00000000000000E+000,0.00000000000000E+000,7.59550292427316E+000,1.91457311425359E+000,0.00000000000000E+000,1.93719859882365E+000,0.00000000000000E+000,0.00000000000000E+000,0.00000000000000E+000,0.00000000000000E+000,0.00000000000000E+000,0.00000000000000E+000,2.09938390849667E+004,3.62355577776487E+004,0.00000000000000E+000,4.95464351441460E+004,0.00000000000000E+000,0.00000000000000E+000,0.00000000000000E+000,0.00000000000000E+000,0.00000000000000E+000,0.00000000000000E+000,0.00000000000000E+000,3.17858122268046E+004,5.80470014558238E+004,4.04189735288106E+004,3.81581510953655E+004,1.93747506798819E+004,0.00000000000000E+000,0.00000000000000E+000,0.00000000000000E+000,0.00000000000000E+000,0.00000000000000E+000,8.35936851661127E-001,3.32208253856193E-001,3.22798423374958E+000,5.21054969498699E+000,2.23833062794634E+000,0.00000000000000E+000,0.00000000000000E+000,0.00000000000000E+000,2.84114405447522E+004,1.40950715080192E+004,2.22216438125290E+004,6.72894981541121E+003,3.84325978204990E+004,3.78911824203324E+004,1.41668989973754E+004,2.42464898369511E+004
1.80000000000000E-011,2.00000000000000E+023,2.00000000000000E+023,2.00000000000000E+023,1.41766131439891E+022,2.87531167995817E+021,1.12095072317438E+021,1.80345135101890E+020,3.31580387162245E+020,3.31580387162245E+020,3.42555653932100E+021,6.22441937995869E+023,0.00000000000000E+000,0.00000000000000E+000,0.00000000000000E+000,2.71146893483843E+004,1.00472958745130E+003,1.02318444823353E+003,1.04565583109288E+003,2.19237082374043E+004,3.73446679019975E+004,1.02165243576836E+004,1.97517880777396E+004,0.00000000000000E+000,0.00000000000000E+000,0.00000000000000E+000,0.00000000000000E+000,1.74488048171957E+004,3.65499190875284E+004,0.00000000000000E+000,4.90974708886576E+004,0.00000000000000E+000,0.00000000000000E+000,0.00000000000000E+000,0.00000000000000E+000,0.00000000000000E+000,0.00000000000000E+000,7.59550292427316E+000,1.91439797519831E+000,0.00000000000000E+000,1.93711197606218E+000,0.00000000000000E+000,0.00000000000000E+000,0.00000000000000E+000,0.00000000000000E+000,0.00000000000000E+000,0.00000000000000E+000,2.09285642834654E+004,3.61046598031512E+004,0.00000000000000E+000,4.94359847997416E+004,0.00000000000000E+000,0.00000000000000E+000,0.00000000000000E+000,0.00000000000000E+000,0.00000000000000E+000,0.00000000000000E+000,0.00000000000000E+000,3.16869481141240E+004,5.80470014558238E+004,4.02601602732946E+004,3.80809879991160E+004,1.92923967981396E+004,0.00000000000000E+000,0.00000000000000E+000,0.00000000000000E+000,0.00000000000000E+000,0.00000000000000E+000,8.35982822934734E-001,3.32208253856193E-001,3.23035129467661E+000,5.20746917230176E+000,2.21777512789051E+000,0.00000000000000E+000,0.00000000000000E+000,0.00000000000000E+000,2.71146893483843E+004,1.40846908940402E+004,2.21588735900346E+004,6.72846916532287E+003,3.83384570612646E+004,3.78118477507663E+004,1.40741540310590E+004,2.33672576641544E+004
1.90000000000000E-011,2.00000000000000E+023,2.00000000000000E+023,2.00000000000000E+023,1.42200777630284E+022,2.90698419369387E+021,1.13160165699701E+021,1.81486306582885E+020,3.34663552216163E+020,3.34663552216163E+020,3.49154427969576E+021,6.22601021304430E+023,0.00000000000000E+000,0.00000000000000E+000,0.00000000000000E+000,2.59460923201195E+004,1.00527740712960E+003,1.02411075342230E+003,1.04598334536978E+003,2.18653622611798E+004,3.72316440533548E+004,1.01653287207039E+004,1.89591787328569E+004,0.00000000000000E+000,0.00000000000000E+000,0.00000000000000E+000,0.00000000000000E+000,1.74488048171957E+004,3.64863143340512E+004,0.00000000000000E+000,4.89849202815581E+004,0.00000000000000E+000,0.00000000000000E+000,0.00000000000000E+000,0.00000000000000E+000,0.00000000000000E+000,0.00000000000000E+000,7.59550292427316E+000,1.91425094449470E+000,0.00000000000000E+000,1.93696903122052E+000,0.00000000000000E+000,0.00000000000000E+000,0.00000000000000E+000,0.00000000000000E+000,0.00000000000000E+000,0.00000000000000E+000,2.08702605735006E+004,3.60459140391600E+004,0.00000000000000E+000,4.93210435112383E+004,0.00000000000000E+000,0.00000000000000E+000,0.00000000000000E+000,0.00000000000000E+000,0.00000000000000E+000,0.00000000000000E+000,0.00000000000000E+000,3.16869481141240E+004,5.80470014558238E+004,4.01013470177787E+004,3.80038249028665E+004,1.92512198572684E+004,0.00000000000000E+000,0.00000000000000E+000,0.00000000000000E+000,0.00000000000000E+000,0.00000000000000E+000,8.35982822934734E-001,3.32208253856193E-001,3.23263965283572E+000,5.20429061660891E+000,2.20758779081193E+000,0.00000000000000E+000,0.00000000000000E+000,0.00000000000000E+000,2.59460923201195E+004,1.40755635124988E+004,2.21280894866722E+004,6.72876402769515E+003,3.82270020378934E+004,3.77214674564049E+004,1.40169973141966E+004,2.25871387336245E+004
2.00000000000000E-011,2.00000000000000E+023,2.00000000000000E+023,2.00000000000000E+023,1.42565351887634E+022,2.93375167211652E+021,1.14017045338062E+021,1.82607457511583E+020,3.37366326776415E+020,3.37366326776415E+020,3.55148581327647E+021,6.22739283238601E+023,0.00000000000000E+000,0.00000000000000E+000,0.00000000000000E+000,2.49173534318285E+004,1.00538462416671E+003,1.02472704941877E+003,1.04501063500929E+003,2.18296374649489E+004,3.71448145505753E+004,1.01087394452252E+004,1.82653472273273E+004,0.00000000000000E+000,0.00000000000000E+000,0.00000000000000E+000,0.00000000000000E+000,1.74488048171957E+004,3.63927680551657E+004,0.00000000000000E+000,4.89059489454050E+004,0.00000000000000E+000,0.00000000000000E+000,0.00000000000000E+000,0.00000000000000E+000,0.00000000000000E+000,0.00000000000000E+000,7.59550292427316E+000,1.91403378022576E+000,0.00000000000000E+000,1.93686834520310E+000,0.00000000000000E+000,0.00000000000000E+000,0.00000000000000E+000,0.00000000000000E+000,0.00000000000000E+000,0.00000000000000E+000,2.08307921866563E+004,3.59492489017435E+004,0.00000000000000E+000,4.92115722117647E+004,0.00000000000000E+000,0.00000000000000E+000,0.00000000000000E+000,0.00000000000000E+000,0.00000000000000E+000,0.00000000000000E+000,0.00000000000000E+000,3.15880840014435E+004,5.82011741024528E+004,4.01013470177787E+004,3.80038249028665E+004,1.91688659755261E+004,0.00000000000000E+000,0.00000000000000E+000,0.00000000000000E+000,0.00000000000000E+000,0.00000000000000E+000,8.36025805357294E-001,3.40561334799189E-001,3.23263965283572E+000,5.20429061660891E+000,2.18739495919999E+000,0.00000000000000E+000,0.00000000000000E+000,0.00000000000000E+000,2.49173534318285E+004,1.40693219893894E+004,2.20692651254480E+004,6.87192933867180E+003,3.81797866523655E+004,3.76897171783478E+004,1.39291686313519E+004,2.19001482093133E+004
